Cluster,Mean Recency,Mean Frequency,Mean Monetary,Customer Count
0,281.46650564751013,2.203843148398096,1973.574068917028,28154
1,125.79319811743613,3.4535522187359926,3783.3428324512547,35696
2,59.032051282051285,105.07051282051282,275871.6945424359,156
