Cluster,Mean Recency,Mean Frequency,Mean Monetary,Customer Count
0,125.77931073161156,3.454558200835647,7756.853455876167,35661
1,281.39045785194696,2.202895450007132,4346.069910497789,28044
2,56.86,107.61333333333333,526545.2806666666,150
